<?xml version="1.0" encoding="ISO-8859-1"?>
<!--
  ~ Copyright (c) 2015, WSO2 Inc. (http://www.wso2.org) All Rights Reserved.
  ~
  ~ WSO2 Inc. licenses this file to you under the Apache License,
  ~ Version 2.0 (the "License"); you may not use this file except
  ~ in compliance with the License.
  ~ You may obtain a copy of the License at
  ~
  ~ http://www.apache.org/licenses/LICENSE-2.0
  ~
  ~ Unless required by applicable law or agreed to in writing,
  ~ software distributed under the License is distributed on an
  ~ "AS IS" BASIS, WITHOUT WARRANTIES OR CONDITIONS OF ANY
  ~ KIND, either express or implied. See the License for the
  ~ specific language governing permissions and limitations
  ~ under the License.
  -->

<!-- Default main sequence shipped with the WSO2 ESB -->
<sequence xmlns="http://ws.apache.org/ns/synapse" name="main">
    <description>The main sequence for the message mediation</description>
    <in>
        <!-- Log all messages passing through -->
        <log level="full"/>

        <!-- ensure that the default configuration only sends if it is one of samples -->
        <!-- Otherwise Synapse would be an open proxy by default (BAD!)               -->
        <filter source="get-property('To')" regex="http://localhost:9000.*">
            <!-- Send the messages where they have been sent (i.e. implicit "To" EPR) -->
            <send/>
        </filter>
    </in>
    <out>
        <send/>
    </out>
</sequence>
