<?xml version="1.0" encoding="UTF-8"?>
<!--
  ~ Copyright (c) 2016, WSO2 Inc. (http://www.wso2.org) All Rights Reserved.
  ~
  ~ WSO2 Inc. licenses this file to you under the Apache License,
  ~ Version 2.0 (the "License"); you may not use this file except
  ~ in compliance with the License.
  ~ You may obtain a copy of the License at
  ~
  ~ http://www.apache.org/licenses/LICENSE-2.0
  ~
  ~ Unless required by applicable law or agreed to in writing,
  ~ software distributed under the License is distributed on an
  ~ "AS IS" BASIS, WITHOUT WARRANTIES OR CONDITIONS OF ANY
  ~ KIND, either express or implied. See the License for the
  ~ specific language governing permissions and limitations
  ~ under the License.
  -->

<artifacts>
    <artifact name="coffee_level" version="1.0.0" type="carbon/application">
		<dependency artifact="coffee_level_stream" version="1.0.0" include="true" serverRole="DataAnalyticsServer"/>
		<dependency artifact="coffee_level_store" version="1.0.0" include="true" serverRole="DataAnalyticsServer"/>
		<dependency artifact="coffee_level_receiver" version="1.0.0" include="true" serverRole="DataAnalyticsServer"/>
		<dependency artifact="coffee_level_script" version="1.0.0" include="true" serverRole="DataAnalyticsServer"/>
		<dependency artifact="coffee_level_publisher" version="1.0.0" include="true" serverRole="DataAnalyticsServer"/>
		<dependency artifact="temperature_level_stream" version="1.0.0" include="true" serverRole="DataAnalyticsServer"/>
		<dependency artifact="temperature_level_store" version="1.0.0" include="true" serverRole="DataAnalyticsServer"/>
		<dependency artifact="temperature_level_receiver" version="1.0.0" include="true" serverRole="DataAnalyticsServer"/>
		<dependency artifact="temperature_level_script" version="1.0.0" include="true" serverRole="DataAnalyticsServer"/>
		<dependency artifact="temperature_level_publisher" version="1.0.0" include="true" serverRole="DataAnalyticsServer"/>
    </artifact>
</artifacts>
