{
  "name": "org.wso2.iot.devices.sensor_temp",
  "version": "1.0.0",
  "nickName": "sensor_temp",
  "description": "sensor_temp data received from the Device",
  "metaData": [
    {
      "name": "owner",
      "type": "STRING"
    },
    {
      "name": "deviceType",
      "type": "STRING"
    },
    {
      "name": "deviceId",
      "type": "STRING"
    },
    {
      "name": "time",
      "type": "LONG"
    }
  ],
  "payloadData": [
    {
      "name": "sensor_temp",
      "type": "FLOAT"
    }
  ]
}
	

				                                    		
