<?xml version="1.0" encoding="UTF-8"?>
<!--
  ~ Copyright (c) 2016, WSO2 Inc. (http://www.wso2.org) All Rights Reserved.
  ~
  ~ WSO2 Inc. licenses this file to you under the Apache License,
  ~ Version 2.0 (the "License"); you may not use this file except
  ~ in compliance with the License.
  ~ You may obtain a copy of the License at
  ~
  ~ http://www.apache.org/licenses/LICENSE-2.0
  ~
  ~ Unless required by applicable law or agreed to in writing,
  ~ software distributed under the License is distributed on an
  ~ "AS IS" BASIS, WITHOUT WARRANTIES OR CONDITIONS OF ANY
  ~ KIND, either express or implied. See the License for the
  ~ specific language governing permissions and limitations
  ~ under the License.
  -->

<eventReceiver name="connected_cup_receiver" statistics="disable" trace="disable" xmlns="http://wso2.org/carbon/eventreceiver">
    <from eventAdapterType="oauth-mqtt">
        <property name="topic">carbon.super/connectedcup/#</property>
        <property name="contentValidator">deviceid-topic-content-validator</property>
        <property name="contentTransformer">default</property>
        <property name="cleanSession">true</property>
    </from>
    <mapping customMapping="disable" type="json"/>
    <to streamName="org.wso2.iot.connectedcup" version="1.0.0"/>
</eventReceiver>