<?xml version="1.0" encoding="ISO-8859-1"?>
<!--
  ~ Copyright (c) 2017, WSO2 Inc. (http://www.wso2.org) All Rights Reserved.
  ~
  ~ WSO2 Inc. licenses this file to you under the Apache License,
  ~ Version 2.0 (the "License"); you may not use this file except
  ~ in compliance with the License.
  ~ you may obtain a copy of the License at
  ~
  ~   http://www.apache.org/licenses/LICENSE-2.0
  ~
  ~ Unless required by applicable law or agreed to in writing,
  ~ software distributed under the License is distributed on an
  ~ "AS IS" BASIS, WITHOUT WARRANTIES OR CONDITIONS OF ANY
  ~ KIND, either express or implied.  See the License for the
  ~ specific language governing permissions and limitations
  ~ under the License.
  -->

<!--
        This configuration file represents the configuration that are needed
        when publishing APIs to API Manager
-->
<WebappPublisherConfigs>

	<!-- This host is used to define the host address which is used to publish APIs -->
	<Host>https://${iot.core.host}:${iot.core.https.port}</Host>

	<!-- If it is true, the APIs of this instance will be published to the defined host -->
	<PublishAPI>true</PublishAPI>

	<!-- If it is true, the APIs of this instance will be updated when the webapps are redeployed -->
	<EnabledUpdateApi>false</EnabledUpdateApi>

	<!--Webapp will be published only when running below profiles-->
	<Profiles>
		<Profile>default</Profile>
		<Profile>device-backend</Profile>
	</Profiles>
</WebappPublisherConfigs>