<api xmlns="http://ws.apache.org/ns/synapse" name="_WSO2APIRegistrationApplication_" context="/api-application-registration">
    <resource methods="POST" url-mapping="/register/tenants" faultSequence="_api_registration_fault_">
        <inSequence>
            <property name="uri.var.portnum" expression="get-property('system','iot.core.https.port')"/>
            <property name="uri.var.hostname" expression="get-property('system','iot.core.host')"/>
            <send>
                <endpoint>
                    <http uri-template="https://{uri.var.hostname}:{uri.var.portnum}/api-application-registration">
                        <timeout>
                            <duration>60000</duration>
                            <responseAction>fault</responseAction>
                        </timeout>
                    </http>
                </endpoint>
            </send>
        </inSequence>
        <outSequence>
            <send/>
        </outSequence>
    </resource>
    <resource methods="POST" url-mapping="/register" faultSequence="_api_registration_fault_">
        <inSequence>
            <property name="uri.var.portnum" expression="get-property('system','iot.core.https.port')"/>
            <property name="uri.var.hostname" expression="get-property('system','iot.core.host')"/>
            <send>
                <endpoint>
                    <http uri-template="https://{uri.var.hostname}:{uri.var.portnum}/api-application-registration">
                        <timeout>
                            <duration>60000</duration>
                            <responseAction>fault</responseAction>
                        </timeout>
                    </http>
                </endpoint>
            </send>
        </inSequence>
        <outSequence>
            <send/>
        </outSequence>
    </resource>
    <resource methods="DELETE" url-mapping="/unregister" faultSequence="_api_registration_fault_">
        <inSequence>
            <property name="uri.var.portnum" expression="get-property('system','iot.core.https.port')"/>
            <property name="uri.var.hostname" expression="get-property('system','iot.core.host')"/>
            <send>
                <endpoint>
                    <http uri-template="https://{uri.var.hostname}:{uri.var.portnum}/api-application-registration">
                        <timeout>
                            <duration>60000</duration>
                            <responseAction>fault</responseAction>
                        </timeout>
                    </http>
                </endpoint>
            </send>
        </inSequence>
        <outSequence>
            <send/>
        </outSequence>
    </resource>
    <handlers>
        <handler class="org.wso2.carbon.apimgt.gateway.handlers.ext.APIManagerCacheExtensionHandler"/>
        <handler class="org.wso2.carbon.apimgt.gateway.handlers.common.SynapsePropertiesHandler"/>
    </handlers>
</api>