<api xmlns="http://ws.apache.org/ns/synapse" name="_WSO2AMAuthorizeAPI_" context="/authorize">
    <resource methods="GET" url-mapping="/*" faultSequence="_token_fault_">
        <inSequence>
            <property name="uri.var.portnum" expression="get-property('system','iot.keymanager.https.port')"/>
            <property name="uri.var.hostname" expression="get-property('system','iot.keymanager.host')"/>/>
            <send>
                <endpoint>
                    <http uri-template="https://{uri.var.hostname}:{uri.var.portnum}/oauth2/authorize">
                        <timeout>
                            <duration>60000</duration>
                            <responseAction>fault</responseAction>
                        </timeout>
                    </http>
                </endpoint>
            </send>
        </inSequence>
        <outSequence>
            <send/>
        </outSequence>
    </resource>
    <handlers>
        <handler class="org.wso2.carbon.apimgt.gateway.handlers.common.SynapsePropertiesHandler"/>
    </handlers>
</api>
