{
  "isCloud" : false,
  "store": {
    "types": ["fs"]
  },
  "gadgetGeneration" :{
    "isCreateGadgetEnable": false,
    "ignoreProviders": ["rt"]
  },
  "authentication": {
    "activeMethod": "sso",
    "methods": {
      "sso": {
        "attributes": {
          "issuer": "portal",
          "identityProviderURL": "%https.host%/samlsso",
          "responseSigningEnabled": true,
          "validateAssertionValidityPeriod": true,
          "validateAudienceRestriction": true,
          "assertionSigningEnabled": true,
          "acs": "%https.host%/portal/acs",
          "identityAlias": "wso2carbon",
          "defaultNameIDPolicy": "urn:oasis:names:tc:SAML:1.1:nameid-format:unspecified",
          "useTenantKey": false,
          "isPassive": false
        }
      },
      "basic": {
        "attributes": {}
      }
    }
  },
  "authorization": {
    "activeMethod": "oauth",
    "methods": {
      "oauth": {
        "attributes": {
          "apimgt-gateway": true,
          "oauthProvider": {
            "appRegistration": {
              "appType": "webapp",
              "clientName": "portal",
              "owner": "admin",
              "password":"admin",
              "dynamicClientAppRegistrationServiceURL": "https://localhost:9443/dynamic-client-web/register",
              "apiManagerClientAppRegistrationServiceURL": "%https.host%/api-application-registration/register/tenants",
              "grantType": "password refresh_token urn:ietf:params:oauth:grant-type:saml2-bearer urn:ietf:params:oauth:grant-type:jwt-bearer",
              "tokenScope": "admin",
              "callbackUrl": "%https.host%/portal",
              "saasApp":true,
              "samlGrantTypeName":"urn:ietf:params:oauth:grant-type:saml2-bearer"
            },
            "tokenServiceURL": "https://localhost:9443/oauth2/token"
          },
          "adminUser":"admin@carbon.super",
          "adminUserTenantId":"-1234",
          "adminRole":"admin",
          "scopes" : [
            "device:view"
          ]
        }
      }
    }
  },
  "designers": [
    "Internal/everyone"
  ],
  "tenantPrefix": "/t",
  "shareStore": false,
  "theme": "basic",
  "cacheTimeoutSeconds": "5",
  "cacheSizeBytes": "1073741824",
  "defaultDashboardRedirect": false,
  "isCreateGadgetEnable": true,
  "isSecureVaultEnabled" : false,
  "assets": {
    "gadget": {
      "fileSizeLimit": 5
    },
    "layout": {
      "fileSizeLimit": 1
    }
  },
  "oauth": {
    "username": "admin",
    "password": "admin"
  },
  "host": {
    "hostname": "localhost",
    "port": "",
    "protocol": ""
  },
  "queryParameters" : {
    "passBetweenPages" : ["shared"]
  }
}
