<!--
  ~ Copyright (c) 2017, WSO2 Inc. (http://www.wso2.org) All Rights Reserved.
  ~
  ~ WSO2 Inc. licenses this file to you under the Apache License,
  ~ Version 2.0 (the "License"); you may not use this file except
  ~ in compliance with the License.
  ~ You may obtain a copy of the License at
  ~
  ~ http://www.apache.org/licenses/LICENSE-2.0
  ~
  ~ Unless required by applicable law or agreed to in writing,
  ~ software distributed under the License is distributed on an
  ~ "AS IS" BASIS, WITHOUT WARRANTIES OR CONDITIONS OF ANY
  ~ KIND, either express or implied. See the License for the
  ~ specific language governing permissions and limitations
  ~ under the License.
  -->

<project xmlns="http://maven.apache.org/POM/4.0.0" xmlns:xsi="http://www.w3.org/2001/XMLSchema-instance"
         xsi:schemaLocation="http://maven.apache.org/POM/4.0.0 http://maven.apache.org/maven-v4_0_0.xsd">
    <parent>
        <groupId>org.wso2</groupId>
        <artifactId>wso2</artifactId>
        <version>1</version>
    </parent>

    <modules>
        <module>connectedcup</module>
        <module>../wso2/analytics/samples/connected-cup</module>
    </modules>

    <modelVersion>4.0.0</modelVersion>
    <groupId>org.wso2.iot.devicemgt-plugins</groupId>
    <artifactId>iot-devicetype-samples</artifactId>
    <version>1.0.0</version>
    <packaging>pom</packaging>
    <name>Install Connected Cup Device Types - IoT Core</name>
    <url>http://wso2.org</url>

    <build>
        <plugins>
            <plugin>
                <groupId>org.wso2.maven</groupId>
                <artifactId>carbon-p2-plugin</artifactId>
                <version>1.5.4</version>
                <executions>
                    <execution>
                        <id>2-p2-repo-generation</id>
                        <phase>package</phase>
                        <goals>
                            <goal>p2-repo-gen</goal>
                        </goals>
                        <configuration>
                            <metadataRepository>file:\${basedir}/target/p2-repo</metadataRepository>
                            <artifactRepository>file:\${basedir}/target/p2-repo</artifactRepository>
                            <publishArtifacts>true</publishArtifacts>
                            <publishArtifactRepository>true</publishArtifactRepository>
                            <featureArtifacts>
                                <featureArtifactDef>
                                    org.coffeeking:org.coffeeking.connectedcup.backend.feature:\${org.coffeeking.version}
                                </featureArtifactDef>
                                <featureArtifactDef>
                                    org.coffeeking:org.coffeeking.connectedcup.ui.feature:\${org.coffeeking.version}
                                </featureArtifactDef>
                            </featureArtifacts>
                        </configuration>
                    </execution>
                    <execution>
                        <id>default-feature-install</id>
                        <phase>package</phase>
                        <goals>
                            <goal>p2-profile-gen</goal>
                        </goals>
                        <configuration>
                            <profile>default</profile>
                            <metadataRepository>file:\${basedir}/target/p2-repo</metadataRepository>
                            <artifactRepository>file:\${basedir}/target/p2-repo</artifactRepository>
                            <destination>\${basedir}/../wso2/components</destination>
                            <deleteOldProfileFiles>false</deleteOldProfileFiles>
                            <features>
                                <!-- Connected Cup Features -->
                                <feature>
                                    <id>org.coffeeking.connectedcup.ui.feature.group</id>
                                    <version>\${org.coffeeking.version}</version>
                                </feature>
                                <feature>
                                    <id>org.coffeeking.connectedcup.backend.feature.group</id>
                                    <version>\${org.coffeeking.version}</version>
                                </feature>
                            </features>
                        </configuration>
                    </execution>
                    <execution>
                        <id>manager-feature-install</id>
                        <phase>package</phase>
                        <goals>
                            <goal>p2-profile-gen</goal>
                        </goals>
                        <configuration>
                            <profile>device-manager</profile>
                            <metadataRepository>file:\${basedir}/target/p2-repo</metadataRepository>
                            <artifactRepository>file:\${basedir}/target/p2-repo</artifactRepository>
                            <destination>\${basedir}/../wso2/components</destination>
                            <deleteOldProfileFiles>false</deleteOldProfileFiles>
                            <features>
                                <!-- Connected Cup UI Features -->
                                <feature>
                                    <id>org.coffeeking.connectedcup.ui.feature.group</id>
                                    <version>\${org.coffeeking.version}</version>
                                </feature>
                            </features>
                        </configuration>
                    </execution>
                    <execution>
                        <id>backend-feature-install</id>
                        <phase>package</phase>
                        <goals>
                            <goal>p2-profile-gen</goal>
                        </goals>
                        <configuration>
                            <profile>device-backend</profile>
                            <metadataRepository>file:\${basedir}/target/p2-repo</metadataRepository>
                            <artifactRepository>file:\${basedir}/target/p2-repo</artifactRepository>
                            <destination>\${basedir}/../wso2/components</destination>
                            <deleteOldProfileFiles>false</deleteOldProfileFiles>
                            <features>
                                <!-- Connected Cup BE Features -->
                                <feature>
                                    <id>org.coffeeking.connectedcup.backend.feature.group</id>
                                    <version>\${org.coffeeking.version}</version>
                                </feature>
                            </features>
                        </configuration>
                    </execution>
                </executions>
            </plugin>
            <plugin>
                <groupId>org.apache.maven.plugins</groupId>
                <artifactId>maven-antrun-plugin</artifactId>
                <version>1.1</version>
                <executions>
                    <execution>
                        <id>default-feature-install</id>
                        <phase>package</phase>
                        <configuration>
                            <tasks>
                                <replace token="false" value="true"
                                         dir="../wso2/components/default/configuration/org.eclipse.equinox.simpleconfigurator">
                                    <include name="**/bundles.info"/>
                                </replace>
                                <replace token="false" value="true"
                                         dir="../wso2/components/device-manager/configuration/org.eclipse.equinox.simpleconfigurator">
                                    <include name="**/bundles.info"/>
                                </replace>
                                <replace token="false" value="true"
                                         dir="../wso2/components/device-backend/configuration/org.eclipse.equinox.simpleconfigurator">
                                    <include name="**/bundles.info"/>
                                </replace>
                            </tasks>
                        </configuration>
                        <goals>
                            <goal>run</goal>
                        </goals>
                    </execution>
                </executions>
            </plugin>
        </plugins>
    </build>

    <pluginRepositories>
        <pluginRepository>
            <id>wso2.releases</id>
            <name>WSO2 internal Repository</name>
            <url>http://maven.wso2.org/nexus/content/repositories/releases/</url>
            <releases>
                <enabled>true</enabled>
                <updatePolicy>daily</updatePolicy>
                <checksumPolicy>ignore</checksumPolicy>
            </releases>
        </pluginRepository>
        <pluginRepository>
            <id>wso2.snapshots</id>
            <name>Apache Snapshot Repository</name>
            <url>http://maven.wso2.org/nexus/content/repositories/snapshots/</url>
            <snapshots>
                <enabled>true</enabled>
                <updatePolicy>daily</updatePolicy>
            </snapshots>
            <releases>
                <enabled>false</enabled>
            </releases>
        </pluginRepository>
        <pluginRepository>
            <id>wso2-nexus</id>
            <name>WSO2 internal Repository</name>
            <url>http://maven.wso2.org/nexus/content/groups/wso2-public/</url>
            <releases>
                <enabled>true</enabled>
                <updatePolicy>daily</updatePolicy>
                <checksumPolicy>ignore</checksumPolicy>
            </releases>
        </pluginRepository>
    </pluginRepositories>


    <repositories>
        <!-- Before adding ANYTHING in here, please start a discussion on the dev list.
             Ideally the Axis2 build should only use Maven central (which is available
             by default) and nothing else. We had troubles with other repositories in
             the past. Therefore configuring additional repositories here should be
             considered very carefully. -->
        <repository>
            <id>wso2-nexus</id>
            <name>WSO2 internal Repository</name>
            <url>http://maven.wso2.org/nexus/content/groups/wso2-public/</url>
            <releases>
                <enabled>true</enabled>
                <updatePolicy>daily</updatePolicy>
                <checksumPolicy>ignore</checksumPolicy>
            </releases>
        </repository>
        <repository>
            <id>wso2.releases</id>
            <name>WSO2 internal Repository</name>
            <url>http://maven.wso2.org/nexus/content/repositories/releases/</url>
            <releases>
                <enabled>true</enabled>
                <updatePolicy>daily</updatePolicy>
                <checksumPolicy>ignore</checksumPolicy>
            </releases>
        </repository>
        <repository>
            <id>wso2.snapshots</id>
            <name>WSO2 Snapshot Repository</name>
            <url>http://maven.wso2.org/nexus/content/repositories/snapshots/</url>
            <snapshots>
                <enabled>true</enabled>
                <updatePolicy>daily</updatePolicy>
            </snapshots>
            <releases>
                <enabled>false</enabled>
            </releases>
        </repository>
    </repositories>
    <properties>
        <carbon.device.mgt.plugin.version>${carbon.device.mgt.plugin.version}</carbon.device.mgt.plugin.version>
        <org.coffeeking.version>1.0.0</org.coffeeking.version>
    </properties>
</project>