<!--
~ Copyright (c) 2017, WSO2 Inc. (http://www.wso2.org) All Rights Reserved.
~
~ Licensed under the Apache License, Version 2.0 (the "License");
~ you may not use this file except in compliance with the License.
~ You may obtain a copy of the License at
~
~ http://www.apache.org/licenses/LICENSE-2.0
~
~ Unless required by applicable law or agreed to in writing, software
~ distributed under the License is distributed on an "AS IS" BASIS,
~ WITHOUT WARRANTIES OR CONDITIONS OF ANY KIND, either express or implied.
~ See the License for the specific language governing permissions and
~ limitations under the License.
 -->

<ServiceProvider>
  <ApplicationID>3</ApplicationID>
  <ApplicationName>store</ApplicationName>
  <Description>App Manager - Store</Description>
  <InboundAuthenticationConfig>
    <InboundAuthenticationRequestConfigs>
      <InboundAuthenticationRequestConfig>
        <InboundAuthKey>store</InboundAuthKey>
        <InboundAuthType>samlsso</InboundAuthType>
        <Properties>
        </Properties>
      </InboundAuthenticationRequestConfig>
    </InboundAuthenticationRequestConfigs>
  </InboundAuthenticationConfig>
  <LocalAndOutBoundAuthenticationConfig>
    <AuthenticationSteps>
      <AuthenticationStep>
        <StepOrder>1</StepOrder>
        <LocalAuthenticatorConfigs>
          <LocalAuthenticatorConfig>
            <Name>BasicAuthenticator</Name>
            <DisplayName>basicauth</DisplayName>
            <IsEnabled>true</IsEnabled>
          </LocalAuthenticatorConfig>
        </LocalAuthenticatorConfigs>
        <SubjectStep>true</SubjectStep>
        <AttributeStep>true</AttributeStep>
      </AuthenticationStep>
    </AuthenticationSteps>
    <UseUserstoreDomainInUsername>true</UseUserstoreDomainInUsername>
    <UseTenantDomainInUsername>true</UseTenantDomainInUsername>
  </LocalAndOutBoundAuthenticationConfig>
  <RequestPathAuthenticatorConfigs>
  </RequestPathAuthenticatorConfigs>
  <InboundProvisioningConfig>
  </InboundProvisioningConfig>
  <OutboundProvisioningConfig>
  </OutboundProvisioningConfig>
  <ClaimConfig>
    <AlwaysSendMappedLocalSubjectId>true</AlwaysSendMappedLocalSubjectId>
  </ClaimConfig>
  <PermissionAndRoleConfig>
  </PermissionAndRoleConfig>
</ServiceProvider>
