{
  "EnableMonetization" : false,
  "IsUnlimitedTierPaid" : false,
  "ExtensionHandlerPosition": "bottom",
  "RESTAPIScopes": {
    "Scope": [
      {
        "Name": "apim:api_publish",
        "Roles": "admin,Internal/publisher"
      },
      {
        "Name": "apim:api_create",
        "Roles": "admin,Internal/creator"
      },
      {
        "Name": "apim:api_view",
        "Roles": "admin,Internal/publisher,Internal/creator"
      },
      {
        "Name": "apim:subscribe",
        "Roles": "admin,Internal/subscriber"
      },
      {
        "Name": "apim:tier_view",
        "Roles": "admin,Internal/publisher,Internal/creator"
      },
      {
        "Name": "apim:tier_manage",
        "Roles": "admin"
      },
      {
        "Name": "apim:bl_view",
        "Roles": "admin"
      },
      {
        "Name": "apim:bl_manage",
        "Roles": "admin"
      },
      {
        "Name": "apim:subscription_view",
        "Roles": "admin,Internal/creator"
      },
      {
        "Name": "apim:subscription_block",
        "Roles": "admin,Internal/creator"
      },
      {
        "Name": "apim:mediation_policy_view",
        "Roles": "admin"
      },
      {
        "Name": "apim:mediation_policy_create",
        "Roles": "admin"
      },
      {
        "Name": "apim:api_workflow",
        "Roles": "admin"
      },
      {
        "Name": "appm:publish",
        "Roles": "admin,Internal/publisher"
      },
      {
        "Name": "appm:read",
        "Roles": "admin,Internal/creator,Internal/publisher,Internal/subscriber,Internal/store-admin,Internal/store"
      },
      {
        "Name": "appm:create",
        "Roles": "admin,Internal/creator"
      },
      {
        "Name": "appm:subscribe",
        "Roles": "admin,Internal/subscriber"
      },
      {
        "Name": "appm:update",
        "Roles": "admin,Internal/creator"
      },
      {
        "Name": "appm:administration",
        "Roles": "admin"
      }
    ]
  },
  "NotificationsEnabled":"false",
  "Notifications":[{
    "Type":"new_api_version",
    "Notifiers" :[{
      "Class":"org.wso2.carbon.apimgt.impl.notification.NewAPIVersionEmailNotifier",
      "ClaimsRetrieverImplClass":"org.wso2.carbon.apimgt.impl.token.DefaultClaimsRetriever",
      "Title": "Version $2 of $1 Released",
      "Template": " <html> <body> <h3 style=\"color:Black;\">We’re happy to announce the arrival of the next major version $2 of $1 API which is now available in Our API Store.</h3><a href=\"https://localhost:9443/store\">Click here to Visit WSO2 API Store</a></body></html>"
    }]
  }
  ],
  "DefaultRoles" : {
    "PublisherRole" : {
      "CreateOnTenantLoad" : true,
      "RoleName" : "Internal/publisher"
    },
    "CreatorRole" : {
      "CreateOnTenantLoad" : true,
      "RoleName" : "Internal/creator"
    },
    "SubscriberRole" : {
      "CreateOnTenantLoad" : true
    }
  }
}