{
    "store": {
        "types": ["fs"]
    },
    "gadgetGeneration" :{
        "isCreateGadgetEnable": false,
        "ignoreProviders": ["rt"]
    },
    "authentication": {
        "activeMethod": "sso",
        "methods": {
            "sso": {
                "attributes": {
                    "issuer": "analyticsportal",
                    "identityProviderURL": "https://localhost:9443/samlsso",
                    "responseSigningEnabled": true,
                    "validateAssertionValidityPeriod": true,
                    "validateAudienceRestriction": true,
                    "assertionSigningEnabled": true,
                    "acs": "https://localhost:9445/portal/acs",
                    "identityAlias": "wso2carbon",
                    "defaultNameIDPolicy": "urn:oasis:names:tc:SAML:1.1:nameid-format:unspecified",
                    "useTenantKey": false,
                    "isPassive": false
                }
            },
            "basic": {
                "attributes": {}
            }
        }
    },
    "authorization": {
        "activeMethod": "oauth",
        "methods": {
            "oauth": {
                "attributes": {
                    "apimgt-gateway": true,
                    "oauthProvider": {
                        "appRegistration": {
                            "appType": "webapp",
                            "clientName": "analyticsportal",
                            "owner": "admin",
                            "password":"admin",
                            "dynamicClientAppRegistrationServiceURL": "https://localhost:9443/dynamic-client-web/register",
                            "apiManagerClientAppRegistrationServiceURL": "https://localhost:9443/api-application-registration/register/tenants",
                            "grantType": "urn:ietf:urn:ietf:params:oauth:grant-type:saml2-bearer",
                            "tokenScope": "admin",
                            "callbackUrl": "https://localhost:9445/portal",
                            "saasApp":true

                        },
                        "tokenServiceURL": "https://localhost:9443/oauth2/token"
                    },
                    "adminUser":"admin@carbon.super",
                    "adminUserTenantId":"-1234",
                    "adminRole":"admin",
                    "scopes" : [
                        "device:view"
                    ]
                }
            }
        }
    },
    "designers": [
        "Internal/everyone"
    ],
    "tenantPrefix": "/t",
    "shareStore": false,
    "theme": "basic",
    "cacheTimeoutSeconds": "5",
    "cacheSizeBytes": "1073741824",
    "defaultDashboardRedirect": false,
    "isCreateGadgetEnable": true,
    "isSecureVaultEnabled" : false,
    "assets": {
        "gadget": {
            "fileSizeLimit": 5
        },
        "layout": {
            "fileSizeLimit": 1
        }
    },
    "oauth": {
        "username": "admin",
        "password": "admin"
    },
    "host": {
        "hostname": "localhost",
        "port": "",
        "protocol": ""
    },
    "queryParameters" : {
        "passBetweenPages" : ["shared", "owner", "deviceId"]
    }
}
