<!--
  ~ Copyright (c) 2015, WSO2 Inc. (http://www.wso2.org) All Rights Reserved.
  ~
  ~ WSO2 Inc. licenses this file to you under the Apache License,
  ~ Version 2.0 (the "License"); you may not use this file except
  ~ in compliance with the License.
  ~ You may obtain a copy of the License at
  ~
  ~ http://www.apache.org/licenses/LICENSE-2.0
  ~
  ~ Unless required by applicable law or agreed to in writing,
  ~ software distributed under the License is distributed on an
  ~ "AS IS" BASIS, WITHOUT WARRANTIES OR CONDITIONS OF ANY
  ~ KIND, either express or implied. See the License for the
  ~ specific language governing permissions and limitations
  ~ under the License.
  -->
<product xmlns="http://products.wso2.org/carbon">
    <properties>
        <property name="userforum">http://stackoverflow.com/questions/tagged/wso2/</property>
        <property name="userguide">https://docs.wso2.org/display/IOT100/WSO2+IoT+Server</property>
        <property name="mailinglist">http://wso2.org/mail</property>
        <property name="issuetracker">https://wso2.org/jira/browse/IoT</property>
    </properties>
</product>
