<config>
    <datasources>
        <datasource>
            <name>WSO2_CARBON_DB</name>
            <description>The datasource used for registry and user manager</description>
            <jndiConfig>
                <name>jdbc/WSO2CarbonDB</name>
            </jndiConfig>
            <definition type="RDBMS">
                <configuration>
                    <url>jdbc:h2:../../repository/database/WSO2CARBON_DB;DB_CLOSE_ON_EXIT=FALSE;AUTO_SERVER=TRUE</url>
                    <username>wso2carbon</username>
                    <password>wso2carbon</password>
                    <driverClassName>org.h2.Driver</driverClassName>
                    <maxActive>50</maxActive>
                    <maxWait>60000</maxWait>
                    <testOnBorrow>true</testOnBorrow>
                    <validationQuery>SELECT 1</validationQuery>
                    <validationInterval>30000</validationInterval>
                    <defaultAutoCommit>false</defaultAutoCommit>
                </configuration>
            </definition>
        </datasource>

        <datasource>
            <name>WSO2_REGISTRY_DB</name>
            <description>The datasource used for registry and user manager</description>
            <jndiConfig>
                <name>jdbc/WSO2RegDB</name>
            </jndiConfig>
            <definition type="RDBMS">
                <configuration>
                    <url>jdbc:h2:repository/database/WSO2CARBON_DB;DB_CLOSE_ON_EXIT=FALSE;AUTO_SERVER=TRUE</url>
                    <username>wso2carbon</username>
                    <password>wso2carbon</password>
                    <driverClassName>org.h2.Driver</driverClassName>
                    <maxActive>50</maxActive>
                    <maxWait>60000</maxWait>
                    <testOnBorrow>true</testOnBorrow>
                    <validationQuery>SELECT 1</validationQuery>
                    <validationInterval>30000</validationInterval>
                    <defaultAutoCommit>false</defaultAutoCommit>
                </configuration>
            </definition>
        </datasource>
    </datasources>
</config>