<!--
  ~ Copyright WSO2 Inc. (http://wso2.com)
  ~
  ~ Licensed under the Apache License, Version 2.0 (the "License");
  ~ you may not use this file except in compliance with the License.
  ~ You may obtain a copy of the License at
  ~
  ~ http://www.apache.org/licenses/LICENSE-2.0
  ~
  ~ Unless required by applicable law or agreed to in writing, software
  ~ distributed under the License is distributed on an "AS IS" BASIS,
  ~ WITHOUT WARRANTIES OR CONDITIONS OF ANY KIND, either express or implied.
  ~ See the License for the specific language governing permissions and
  ~ limitations under the License.
  -->

<UserManager>
	<Realm>
		<Configuration>
			<AddAdmin>true</AddAdmin>
			<AdminRole>admin</AdminRole>
			<AdminUser>
				<UserName>admin</UserName>
				<Password>admin</Password>
			</AdminUser>
			<EveryOneRoleName>everyone</EveryOneRoleName> <!-- By default users in this role sees the registry root -->
			<Property name="isCascadeDeleteEnabled">true</Property>
			<Property name="initializeNewClaimManager">true</Property>
			<Property name="dataSource">jdbc/WSO2CarbonDB</Property>
		</Configuration>

		<!-- Following is the configuration for internal JDBC user store. This user store manager is based on JDBC.
			 In case if application needs to manage passwords externally set property
			 <Property name="PasswordsExternallyManaged">true</Property>.
			 In case if user core cache domain is needed to identify uniquely set property
			 <Property name="UserCoreCacheIdentifier">domain</Property>.
			 Furthermore properties, IsEmailUserName and DomainCalculation are readonly properties.
			 Note: Do not comment within UserStoreManager tags. Cause, specific tag names are used as tokens
			 when building configurations for products.
		-->
		<UserStoreManager class="org.wso2.carbon.user.core.jdbc.JDBCUserStoreManager">
			<Property name="TenantManager">org.wso2.carbon.user.core.tenant.JDBCTenantManager</Property>
			<Property name="ReadOnly">false</Property>
			<Property name="ReadGroups">true</Property>
			<Property name="WriteGroups">true</Property>
			<Property name="UsernameJavaRegEx">^[\S]{3,30}$</Property>
			<Property name="UsernameJavaScriptRegEx">^[\S]{3,30}$</Property>
			<Property name="UsernameJavaRegExViolationErrorMsg">Username pattern policy violated</Property>
			<Property name="PasswordJavaRegEx">^[\S]{5,30}$</Property>
			<Property name="PasswordJavaScriptRegEx">^[\S]{5,30}$</Property>
			<Property name="PasswordJavaRegExViolationErrorMsg">Password length should be within 5 to 30 characters</Property>
			<Property name="RolenameJavaRegEx">^[\S]{3,30}$</Property>
			<Property name="RolenameJavaScriptRegEx">^[\S]{3,30}$</Property>
			<Property name="CaseInsensitiveUsername">true</Property>
			<Property name="SCIMEnabled">false</Property>
			<Property name="IsBulkImportSupported">true</Property>
			<Property name="PasswordDigest">SHA-256</Property>
			<Property name="StoreSaltedPassword">true</Property>
			<Property name="MultiAttributeSeparator">,</Property>
			<Property name="MaxUserNameListLength">100</Property>
			<Property name="MaxRoleNameListLength">100</Property>
			<Property name="UserRolesCacheEnabled">true</Property>
			<Property name="UserNameUniqueAcrossTenants">false</Property>
		</UserStoreManager>

		<!-- If product is using an external LDAP as the user store in READ ONLY mode, use following user manager.
			 In case if user core cache domain is needed to identify uniquely set property
			 <Property name="UserCoreCacheIdentifier">domain</Property>
		 -->
		<!--UserStoreManager class="org.wso2.carbon.user.core.ldap.ReadOnlyLDAPUserStoreManager">
			<Property name="TenantManager">org.wso2.carbon.user.core.tenant.CommonHybridLDAPTenantManager</Property>
			<Property name="ConnectionURL">ldap://localhost:10389</Property>
			<Property name="ConnectionName">uid=admin,ou=system</Property>
			<Property name="ConnectionPassword">admin</Property>
			<Property name="AnonymousBind">false</Property>
			<Property name="UserSearchBase">ou=system</Property>
			<Property name="UserNameAttribute">uid</Property>
			<Property name="UserNameSearchFilter">(&amp;(objectClass=person)(uid=?))</Property>
			<Property name="UserNameListFilter">(objectClass=person)</Property>
			<Property name="DisplayNameAttribute"/>
			<Property name="ReadGroups">true</Property>
			<Property name="GroupSearchBase">ou=system</Property>
			<Property name="GroupNameAttribute">cn</Property>
			<Property name="GroupNameSearchFilter">(&amp;(objectClass=groupOfNames)(cn=?))</Property>
			<Property name="GroupNameListFilter">(objectClass=groupOfNames)</Property>
			<Property name="MembershipAttribute">member</Property>
			<Property name="BackLinksEnabled">false</Property>
			<Property name="UsernameJavaRegEx">[a-zA-Z0-9._-|//]{3,30}$</Property>
			<Property name="PasswordJavaRegEx">^[\S]{5,30}$</Property>
			<Property name="RolenameJavaRegEx">[a-zA-Z0-9._-|//]{3,30}$</Property>
			<Property name="SCIMEnabled">false</Property>
			<Property name="PasswordHashMethod">PLAIN_TEXT</Property>
			<Property name="MultiAttributeSeparator">,</Property>
			<Property name="MaxUserNameListLength">100</Property>
			<Property name="MaxRoleNameListLength">100</Property>
			<Property name="UserRolesCacheEnabled">true</Property>
			<Property name="ConnectionPoolingEnabled">true</Property>
			<Property name="LDAPConnectionTimeout">5000</Property>
			<Property name="ReadTimeout"/>
			<Property name="RetryAttempts"/>
			<Property name="ReplaceEscapeCharactersAtUserLogin">true</Property>
		</UserStoreManager-->

		<!-- Active directory configuration is as follows.
			 In case if user core cache domain is needed to identify uniquely set property
			 <Property name="UserCoreCacheIdentifier">domain</Property>
			 There are few special properties for "Active Directory".
			 They are :
			 1.Referral - (comment out this property if this feature is not reuired) This enables LDAP referral support.
			 2.BackLinksEnabled - (Do not comment, set to true or false) In some cases LDAP works with BackLinksEnabled.
			 In which role is stored at user level. Depending on this value we need to change the Search Base within code.
			 isADLDSRole - (Do not comment) Set to true if connecting to an AD LDS instance else set to false.
		-->
		<!--UserStoreManager class="org.wso2.carbon.user.core.ldap.ActiveDirectoryUserStoreManager">
			<Property name="TenantManager">org.wso2.carbon.user.core.tenant.CommonHybridLDAPTenantManager</Property>
			<Property name="ConnectionURL">ldaps://10.100.1.100:636</Property>
			<Property name="ConnectionName">CN=admin,CN=Users,DC=WSO2,DC=Com</Property>
			<Property name="ConnectionPassword">A1b2c3d4</Property>
			<Property name="AnonymousBind">false</Property>
			<Property name="UserSearchBase">CN=Users,DC=WSO2,DC=Com</Property>
			<Property name="UserEntryObjectClass">user</Property>
			<Property name="UserNameAttribute">cn</Property>
			<Property name="UserNameSearchFilter">(&amp;(objectClass=user)(cn=?))</Property>
			<Property name="UserNameListFilter">(objectClass=user)</Property>
			<Property name="DisplayNameAttribute"/>
			<Property name="ReadGroups">true</Property>
			<Property name="WriteGroups">true</Property>
			<Property name="GroupSearchBase">CN=Users,DC=WSO2,DC=Com</Property>
			<Property name="GroupEntryObjectClass">group</Property>
			<Property name="GroupNameAttribute">cn</Property>
			<Property name="GroupNameSearchFilter">(&amp;(objectClass=group)(cn=?))</Property>
			<Property name="GroupNameListFilter">(objectcategory=group)</Property>
			<Property name="MembershipAttribute">member</Property>
			<Property name="MemberOfAttribute">memberOf</Property>
			<Property name="BackLinksEnabled">true</Property>
			<Property name="Referral">follow</Property>
			<Property name="UsernameJavaRegEx">[a-zA-Z0-9._-|//]{3,30}$</Property>
			<Property name="UsernameJavaScriptRegEx">^[\S]{3,30}$</Property>
			<Property name="UsernameJavaRegExViolationErrorMsg">Username pattern policy violated</Property>
			<Property name="PasswordJavaRegEx">^[\S]{5,30}$</Property>
			<Property name="PasswordJavaScriptRegEx">^[\S]{5,30}$</Property>
			<Property name="PasswordJavaRegExViolationErrorMsg">Password length should be within 5 to 30 characters</Property>
			<Property name="RolenameJavaRegEx">[a-zA-Z0-9._-|//]{3,30}$</Property>
			<Property name="RolenameJavaScriptRegEx">^[\S]{3,30}$</Property>
			<Property name="SCIMEnabled">false</Property>
			<Property name="IsBulkImportSupported">true</Property>
			<Property name="EmptyRolesAllowed">true</Property>
			<Property name="PasswordHashMethod">PLAIN_TEXT</Property>
			<Property name="MultiAttributeSeparator">,</Property>
			<Property name="isADLDSRole">false</Property>
			<Property name="userAccountControl">512</Property>
			<Property name="MaxUserNameListLength">100</Property>
			<Property name="MaxRoleNameListLength">100</Property>
			<Property name="kdcEnabled">false</Property>
			<Property name="defaultRealmName">WSO2.ORG</Property>
			<Property name="UserRolesCacheEnabled">true</Property>
			<Property name="ConnectionPoolingEnabled">false</Property>
			<Property name="LDAPConnectionTimeout">5000</Property>
			<Property name="ReadTimeout"/>
			<Property name="RetryAttempts"/>
		</UserStoreManager-->

		<!-- Following user manager is used by Identity Server (IS) as its default user manager.
			 IS will do token replacement when building the product. Therefore do not change the syntax.
			 If "kdcEnabled" parameter is true, IS will allow service principle management.
			 Thus "ServicePasswordJavaRegEx", "ServiceNameJavaRegEx" properties control the service name format and
			 service password formats. In case if user core cache domain is needed to identify uniquely set property
			 <Property name="UserCoreCacheIdentifier">domain</Property>
		-->
		<!--ISUserStoreManager class="org.wso2.carbon.user.core.ldap.ReadWriteLDAPUserStoreManager">
			<Property name="TenantManager">org.wso2.carbon.user.core.tenant.CommonHybridLDAPTenantManager</Property>
			<Property name="ConnectionURL">ldap://localhost:${Ports.EmbeddedLDAP.LDAPServerPort}</Property>
			<Property name="ConnectionName">uid=admin,ou=system</Property>
			<Property name="ConnectionPassword">admin</Property>
			<Property name="AnonymousBind">false</Property>
			<Property name="UserSearchBase">ou=Users,dc=wso2,dc=org</Property>
			<Property name="UserEntryObjectClass">identityPerson</Property>
			<Property name="UserNameAttribute">uid</Property>
			<Property name="UserNameSearchFilter">(&amp;(objectClass=person)(uid=?))</Property>
			<Property name="UserNameListFilter">(objectClass=person)</Property>
			<Property name="DisplayNameAttribute"/>
			<Property name="ReadGroups">true</Property>
			<Property name="WriteGroups">true</Property>
			<Property name="GroupSearchBase">ou=Groups,dc=wso2,dc=org</Property>
			<Property name="GroupEntryObjectClass">groupOfNames</Property>
			<Property name="GroupNameAttribute">cn</Property>
			<Property name="GroupNameSearchFilter">(&amp;(objectClass=groupOfNames)(cn=?))</Property>
			<Property name="GroupNameListFilter">(objectClass=groupOfNames)</Property>
			<Property name="MembershipAttribute">member</Property>
			<Property name="BackLinksEnabled">false</Property>
			<Property name="UsernameJavaRegEx">[a-zA-Z0-9._-|//]{3,30}$</Property>
			<Property name="UsernameJavaScriptRegEx">^[\S]{3,30}$</Property>
			<Property name="UsernameJavaRegExViolationErrorMsg">Username pattern policy violated</Property>
			<Property name="PasswordJavaRegEx">^[\S]{5,30}$</Property>
			<Property name="PasswordJavaScriptRegEx">^[\S]{5,30}$</Property>
			<Property name="PasswordJavaRegExViolationErrorMsg">Password length should be within 5 to 30 characters</Property>
			<Property name="RolenameJavaRegEx">[a-zA-Z0-9._-|//]{3,30}$</Property>
			<Property name="RolenameJavaScriptRegEx">^[\S]{3,30}$</Property>
			<Property name="SCIMEnabled">true</Property>
			<Property name="IsBulkImportSupported">true</Property>
			<Property name="EmptyRolesAllowed">true</Property>
			<Property name="PasswordHashMethod">PLAIN_TEXT</Property>
			<Property name="MultiAttributeSeparator">,</Property>
			<Property name="MaxUserNameListLength">100</Property>
			<Property name="MaxRoleNameListLength">100</Property>
			<Property name="kdcEnabled">false</Property>
			<Property name="defaultRealmName">WSO2.ORG</Property>
			<Property name="UserRolesCacheEnabled">true</Property>
			<Property name="ConnectionPoolingEnabled">false</Property>
			<Property name="LDAPConnectionTimeout">5000</Property>
			<Property name="ReadTimeout"/>
			<Property name="RetryAttempts"/>
		</ISUserStoreManager-->

		<AuthorizationManager class="org.wso2.carbon.user.core.authorization.JDBCAuthorizationManager">
			<Property name="AdminRoleManagementPermissions">/permission</Property>
			<Property name="AuthorizationCacheEnabled">true</Property>
			<Property name="GetAllRolesOfUserEnabled">false</Property>
		</AuthorizationManager>
	</Realm>
</UserManager>

		<!--

		************* Description of some of the configuration properties used in user-mgt.xml *********************************

		DomainName -
			This property must be used by all secondary user store managers in multiple user store configuration.
			DomainName is a unique identifier given to the user store. Users must provide both the domain name and
			username at log-in as "DomainName\Username"

		UserRolesCacheEnabled -
			This is to indicate whether to cache role list of a user. By default it is set to true.
			You may need to disable it if user-roles are changed by external means and need to reflect
			those changes in the carbon product immediately.

		ReplaceEscapeCharactersAtUserLogin -
			This is to configure whether escape characters in user name needs to be replaced at user login.
			Currently the identified escape characters that needs to be replaced are '\' & '\\'

		UserDNPattern -
			This property will be used when authenticating users. During authentication we do a bind. But if the user is login
			with email address or some other property we need to first lookup LDAP and retrieve DN for the user.
			This involves an additional step.  If UserDNPattern is specified the DN will be constructed using the pattern
			specified in this property. Performance of this is much better than looking up DN and binding user.

		RoleDNPattern -
			This property will be used when checking whether user has been assigned to a given role.
			Rather than searching the role in search base, by using this property direct search can be done.

		PasswordHashMethod -
			This says how the password should be stored. Allowed values are as follows,
				SHA - Uses SHA digest method
				MD5 - Uses MD 5 digest method
				PLAIN_TEXT - Plain text passwords
				In addition to above this supports all digest methods supported by http://docs.oracle.com/javase/6/docs/api/java/security/MessageDigest.html.

		DisplayNameAttribute -
			This is to have a dedicated LDAP attribute to display an entity(User/Role) in UI, in addition to the UserNameAttribute which is used for IS-UserStore interactions.
		-->
