<!--
 ~ Copyright (c) 2005-2010, WSO2 Inc. (http://www.wso2.org) All Rights Reserved.
 ~
 ~ WSO2 Inc. licenses this file to you under the Apache License,
 ~ Version 2.0 (the "License"); you may not use this file except
 ~ in compliance with the License.
 ~ You may obtain a copy of the License at
 ~
 ~    http://www.apache.org/licenses/LICENSE-2.0
 ~
 ~ Unless required by applicable law or agreed to in writing,
 ~ software distributed under the License is distributed on an
 ~ "AS IS" BASIS, WITHOUT WARRANTIES OR CONDITIONS OF ANY
 ~ KIND, either express or implied.  See the License for the
 ~ specific language governing permissions and limitations
 ~ under the License.
 -->

        #####################  Define the macros ######################

        #macro ( print_if_exist $field $default)
        #if($field && "$field" !="")
        $field
        #else
        $default
        #end
        #end

        #macro ( print_string_if_exist $field $default)
        #if($field && "$field" !="")
        "$field"
        #else
        "$default"
        #end
        #end

        #macro ( print_if_exist_only $tagname $field)
        #if($field && "$field" !="")
<$tagname>$field</$tagname>
        #else
        ## print nothing.
        #end
        #end

        #macro ( print_list $tagname $list)
        #if($list && "$list" !="" && $list.size() > 0)
<$tagname>
        #foreach($item in $list)
        $item #if( $foreach.hasNext ), #end
        #end
        </$tagname>
        #else
        ## print nothing.
        #end
        #end

        #macro ( timeout $config)
        #if( $config.get("actionSelect") == "neverTimeout" )
        ## print nothing.
        #elseif($config.get("actionDuration")|| $config.get("actionSelect"))
<timeout>
#print_if_exist_only("duration" $config.get("actionDuration"))
#print_if_exist_only("responseAction" $config.get("actionSelect"))
</timeout>
        #end
<suspendOnFailure>
#print_list( "errorCodes" $config.get("suspendErrorCode"))
#print_if_exist_only("initialDuration" $config.get("suspendDuration"))
#print_if_exist_only("maximumDuration" $config.get("suspendMaxDuration"))
<progressionFactor>#print_if_exist( $config.get("factor") 1.0)</progressionFactor>
</suspendOnFailure>
<markForSuspension>
#print_list("errorCodes" $config.get("retryErroCode"))
<retriesBeforeSuspension>#print_if_exist( $config.get("retryTimeOut") 0)</retriesBeforeSuspension>
<retryDelay>#print_if_exist( $config.get("retryDelay") 0)</retryDelay>
</markForSuspension>
        #end

#macro ( http_endpoint $name $ep )
<endpoint name="$name">
    <http uri-template="$util.escapeXml($ep.get("url"))">
    #timeout( $ep.get('config') )
    </http>
    <property name="ENDPOINT_ADDRESS" value="$util.escapeXml($ep.get("url"))"/>
</endpoint>
#end

#macro ( address_endpoint $name $ep )
<endpoint xmlns="http://ws.apache.org/ns/synapse" name="$name">
    #set( $advance_ep = $ep.get("config") )
    <address uri="$util.escapeXml($ep.get("url"))"
    #if($advance_ep.get("format") && $advance_ep.get("format") != "" && $advance_ep.get("format") != 'leave-as-is')
    format="$advance_ep.get("format")"
    #end
    #if($advance_ep.get("optimize") && $advance_ep.get("optimize") != "" && $advance_ep.get("optimize") != 'leave-as-is')
    optimize="$advance_ep.get("optimize")"
    #end
    >
        #timeout( $ep.get('config') )
    </address>
    <property name="ENDPOINT_ADDRESS" value="$util.escapeXml($ep.get("url"))"/>
</endpoint>
#end


        #macro ( draw_endpoint $type $endpoint_config )

        #set( $endpointClass = $endpoint_config.get("endpoint_type") )
        #set( $endpoints = $endpoint_config.get("${type}_endpoints"))
        #set( $ep_name = "${apiName}_API${type}Endpoint_${resourceNo}")

        ## IF endpoint secured
        #if($isEndpointSecured)
        #if($isSecureVaultEnabled)
<property xmlns="http://ws.apache.org/ns/synapse" name="password" expression="wso2:vault-lookup('$securevault_alias')"/>
<property xmlns="http://ws.apache.org/ns/synapse" name="unpw" expression="fn:concat('$username',':',get-property('password'))"/>
<property xmlns="http://ws.apache.org/ns/synapse" name="Authorization" expression="fn:concat('Basic ', base64Encode(get-property('unpw')))" scope="transport"/>
        #else
        #if($isEndpointAuthDigest)

<property xmlns="http://ws.apache.org/ns/synapse" name="UNAMEPASSWORD" value="$util.escapeXml($base64unpw)" type="STRING"/>
<property name="BACKEND_URL" value="$util.escapeXml($endpoints.get("url"))"/>
<property name="POSTFIX" expression="get-property('axis2', 'REST_URL_POSTFIX')"/>
<property name="HTTP_METHOD" expression="get-property('axis2', 'HTTP_METHOD')"/>
<property name="POST_TO_URI" value="true" scope="axis2"/>
<property name="MessageType" expression="get-property('axis2', 'messageType')"/>

<enrich>
    <source type="body" clone="true"/>
    <target type="property" property="MessageBody"/>
</enrich>

<call>
    <endpoint name="$ep_name">
        <http uri-template="$util.escapeXml($endpoints.get("url"))">
        </http>
    </endpoint>
</call>

<class name="org.wso2.carbon.apimgt.gateway.mediators.DigestAuthMediator"/>

<property name="Authorization" expression="get-property('AuthHeader')" scope="transport"/>
<property name="messageType" expression="get-property('MessageType')" scope="axis2"/>
<property name="HTTP_METHOD" expression="get-property('HTTP_METHOD')" scope="axis2"/>
<property name="REST_URL_POSTFIX" expression="$ctx:POSTFIX" scope="axis2"/>
<property name="POST_TO_URI" value="true" scope="axis2"/>

<enrich>
    <source type="property" property="MessageBody" clone="true"/>
    <target type="body"/>
</enrich>

        #else
<property xmlns="http://ws.apache.org/ns/synapse" name="Authorization" expression="fn:concat('Basic ', '$base64unpw')" scope="transport"/>
        #end
        #end
        #end
<send>

## If endpoint is http
#if ($endpointClass == "http")
#http_endpoint($ep_name $endpoints)
#elseif ($endpointClass == "address")
<endpoint xmlns="http://ws.apache.org/ns/synapse" name="$ep_name">
    #set( $advance_ep = $endpoints.get("config") )
    <address uri="$util.escapeXml($endpoints.get("url"))"
    #if($advance_ep.get("format") && $advance_ep.get("format") != "" && $advance_ep.get("format") != 'leave-as-is')
    format="$advance_ep.get("format")"
    #end
    #if($advance_ep.get("optimize") && $advance_ep.get("optimize") != "" && $advance_ep.get("optimize") != 'leave-as-is')
    optimize="$advance_ep.get("optimize")"
    #end
    >
    #timeout( $endpoints.get('config') )
</address>
<property name="ENDPOINT_ADDRESS" value="$util.escapeXml($endpoints.get("url"))"/>
</endpoint>
        #elseif ($endpointClass == "wsdl")
<endpoint xmlns="http://ws.apache.org/ns/synapse" name="$ep_name">
#if (${type} == "production")
<wsdl uri="$util.escapeXml($endpoints.get("url"))" service="$!endpoint_config.get("wsdlendpointService")" port="$!endpoint_config.get("wsdlendpointPort")">
#timeout()
</wsdl>
        #else
<wsdl uri="$util.escapeXml($endpoints.get("url"))" service="$!endpoint_config.get("wsdlendpointServiceSandbox")" port="$!endpoint_config.get("wsdlendpointPortSandbox")">
        #timeout()
        </wsdl>
        #end
<property name="ENDPOINT_ADDRESS" value="$util.escapeXml($endpoints.get("url"))"/>
        </endpoint>
        #elseif ($endpointClass == "failover")
        #set( $failover_endpoints = $endpoint_config.get("${type}_failovers"))
<endpoint xmlns="http://ws.apache.org/ns/synapse" name="$ep_name">
<failover>
    #if($endpoints.get("endpoint_type") == "address")
        #address_endpoint("${ep_name}_0" $endpoints)
    #else
        #http_endpoint("${ep_name}_0" $endpoints)
    #end
    #set( $i = 1)
    #foreach($endpoint in $failover_endpoints)
        #if($endpoint.get("endpoint_type") == "address")
            #address_endpoint("${ep_name}_$i" $endpoint)
        #else
            #http_endpoint("${ep_name}_$i" $endpoint)
        #end
        #set( $i = $i + 1)
    #end
</failover>
</endpoint>
        #elseif ($endpointClass == "load_balance")
<endpoint xmlns="http://ws.apache.org/ns/synapse" name="$ep_name">
#if($endpoint_config.get("sessionManagement") && $endpoint_config.get("sessionManagement") != "" && $endpoint_config.get("sessionManagement") != "none")
<session type="$endpoint_config.get("sessionManagement")">
#if($endpoint_config.get("sessionTimeOut") && $endpoint_config.get("sessionTimeOut") != "")
<sessionTimeout>$endpoint_config.get("sessionTimeOut")</sessionTimeout>
#end
</session>
        #end
<loadbalance algorithm="$!endpoint_config.get("algoClassName")"
        #if($endpoint_config.get("failOver") && $endpoint_config.get("failOver") != "" && $endpoint_config.get("failOver") == "False")
        failover="false"
        #end>
        #set( $i = 0)
        #foreach($endpoint in $endpoints)
            #if($endpoint.get("endpoint_type") == "address")
                #address_endpoint("${ep_name}_$i" $endpoint)
            #else
                #http_endpoint("${ep_name}_$i" $endpoint)
            #end            
            #set( $i = $i + 1)
        #end
        </loadbalance>
        </endpoint>
#elseif ($endpointClass == "default")
<endpoint name="$ep_name">
    <default>
    </default>
</endpoint>
        #end
        </send>
        #end

        ######################## End of Macros ######################################


<api xmlns="http://ws.apache.org/ns/synapse"  name="$!apiName" context="$!apiContext" version="$!apiVersion" transports="$!transport" version-type="context">
#if($apiIsBlocked)
## if API is blocked send the API Block message
<resource methods="GET POST PUT DELETE PATCH" url-mapping="/*" faultSequence=#print_string_if_exist($faultSequence "fault")>
<inSequence>
    <payloadFactory>
        <format>
            <am:fault xmlns:am="http://wso2.org/apimanager">
                <am:code>700700</am:code>
                <am:message>API blocked</am:message>
                <am:description>This API has been blocked temporarily. Please try again later or contact the system administrators.</am:description>
            </am:fault>
        </format>
    </payloadFactory>
    <property name="HTTP_SC" value="503" scope="axis2"/>
    <property name="RESPONSE" value="true"/>
    <property name="NO_ENTITY_BODY" scope="axis2" action="remove"/>
    <header name="To" action="remove"/>
    <send/>
</inSequence>
</resource>
        #else
        ## api not blocked
        #set ($resourceNo = 0)
        #foreach($resource in $resources)

<resource xmlns="http://ws.apache.org/ns/synapse"
        #if($resource.getUriTemplate().contains("{") ||
        ($resource.getUriTemplate().contains("*") && !$resource.getUriTemplate().endsWith("/*")))
        uri-template="$util.escapeXml($resource.getUriTemplate())"
        #else
        url-mapping="$resource.getUriTemplate()"
        #end
        methods="$resource.getMethodsAsString()" faultSequence=#print_string_if_exist($faultSequence "fault")>
<inSequence>

## check and set response caching
#if($responseCacheEnabled)
<cache scope="per-host" collector="false" hashGenerator="org.wso2.caching.digest.REQUESTHASHGenerator" timeout="$!responseCacheTimeOut">
    <implementation type="memory" maxSize="500"/>
</cache>
#end
<property name="api.ut.backendRequestTime" expression="get-property('SYSTEM_TIME')"/>
##############  define the filter based on environment type production only, sandbox only , hybrid ############

#if(($environmentType == 'sandbox') || ($environmentType =='hybrid' && !$endpoint_config.get("production_endpoints") ))
#set( $filterRegex = "SANDBOX" )
#else
#set( $filterRegex = "PRODUCTION" )
#end
#if($apiStatus != 'PROTOTYPED')
<filter source="$ctx:AM_KEY_TYPE" regex="$filterRegex">
    <then>
        #end
        #if(($environmentType == 'sandbox') || ($environmentType =='hybrid' && ! $endpoint_config.get("production_endpoints") ))
        #draw_endpoint( "sandbox" $endpoint_config )
        #else
        #draw_endpoint( "production" $endpoint_config )
        #end
        #if($apiStatus != 'PROTOTYPED')
    </then>
    <else>
        #if($environmentType !='hybrid')
        <payloadFactory>
            <format>
                <error xmlns="">
                    #if($environmentType == 'production')
                    <message>Sandbox Key Provided for Production Gateway</message>
                    #elseif($environmentType == 'sandbox')
                    <message>Production Key Provided for Sandbox Gateway</message>
                    #end
                </error>
            </format>
        </payloadFactory>
        <property name="ContentType" value="application/xml" scope="axis2"/>
        <property name="RESPONSE" value="true"/>
        <header name="To" action="remove"/>
        <property name="HTTP_SC" value="401" scope="axis2"/>
        <property name="NO_ENTITY_BODY" scope="axis2" action="remove"/>
        <send/>
        #else
        #if($endpoint_config.get("production_endpoints") && $endpoint_config.get("sandbox_endpoints"))
        #draw_endpoint( "sandbox" $endpoint_config )
        #elseif($endpoint_config.get("production_endpoints"))
        <sequence key="_sandbox_key_error_"/>
        #elseif($endpoint_config.get("sandbox_endpoints"))
        <sequence key="_production_key_error_"/>
        #end
        #end
    </else>
</filter>
#end
</inSequence>
<outSequence>
<class name="org.wso2.carbon.apimgt.gateway.handlers.analytics.APIMgtResponseHandler"/>
## check and set response caching
#if($responseCacheEnabled)
<cache scope="per-host" collector="true"/>
#end
<send/>
</outSequence>
        </resource>
        #set ($resourceNo = $resourceNo + 1)
        #end  ## end of resource iterator
        ## print the handlers
        #if($handlers.size() > 0)
<handlers xmlns="http://ws.apache.org/ns/synapse">
#foreach($handler in $handlers)
<handler xmlns="http://ws.apache.org/ns/synapse" class="$handler.className">
    #if($handler.hasProperties())
    #set ($map = $handler.getProperties() )
    #foreach($property in $map.entrySet())
    <property name="$!property.key" value="$!property.value"/>
    #end
    #end
</handler>
#end
</handlers>
        #end
        #end
        #if($apiStatus == 'PROTOTYPED')
        #end
        ## end of apiIsBlocked check
         <handlers>
      <handler class="org.wso2.carbon.apimgt.gateway.handlers.security.CORSRequestHandler">
         <property name="inline" value="INLINE"/>
      </handler>
       </handlers>
        </api>
