<?xml version="1.0" encoding="ISO-8859-1"?>
<!--
  ~ Copyright (c) 2016, WSO2 Inc. (http://www.wso2.org) All Rights Reserved.
  ~
  ~  WSO2 Inc. licenses this file to you under the Apache License,
  ~  Version 2.0 (the "License"); you may not use this file except
  ~  in compliance with the License.
  ~  You may obtain a copy of the License at
  ~
  ~  http://www.apache.org/licenses/LICENSE-2.0
  ~
  ~  Unless required by applicable law or agreed to in writing,
  ~  software distributed under the License is distributed on an
  ~  "AS IS" BASIS, WITHOUT WARRANTIES OR CONDITIONS OF ANY
  ~  KIND, either express or implied.  See the License for the
  ~  specific language governing permissions and limitations
  ~  under the License.
  -->

<udf-configuration>
    <custom-udf-classes>
        <class-name>org.wso2.carbon.analytics.spark.core.udf.defaults.StringConcatenator</class-name>
        <class-name>org.wso2.carbon.analytics.spark.core.udf.defaults.TimestampUDF</class-name>
        <class-name>org.wso2.carbon.analytics.spark.core.udf.defaults.TimeNowUDF</class-name>
        <class-name>org.wso2.carbon.analytics.spark.core.udf.facets.FacetUDF</class-name>
        <class-name>org.wso2.carbon.analytics.shared.common.udf.DateTimeUDF</class-name>
    </custom-udf-classes>
    <custom-udaf-classes>
        <custom-udaf>
            <alias>geometricMean</alias>
            <class-name>org.wso2.carbon.analytics.spark.core.udaf.defaults.GeometricMeanUDAF</class-name>
        </custom-udaf>
        <custom-udaf>
            <alias>harmonicMean</alias>
            <class-name>org.wso2.carbon.analytics.spark.core.udaf.defaults.HarmonicMeanUDAF</class-name>
        </custom-udaf>
    </custom-udaf-classes>
</udf-configuration>